,mean,median,min,max,std dev,std err
claw,8.1,3.5,2,52,15.47,5.4694709525
normal,3.3,3.5,2,5,1.06,0.374766594
japanese,3.1,3.0,2,5,1.1,0.3889087297
